,area,year,naics_id,industry,dollars,last_update
0,06073,2019,72,Accommodation and Food Services,9021731012.12,2024-07-17
1,06073,2019,56,Administrative and Support and Waste Management and Remediation Services,7858065382.3,2024-07-17
2,06073,2019,11,"Agriculture, Forestry, Fishing and Hunting",1024158639.37,2024-07-17
3,06073,2019,71,"Arts, Entertainment, and Recreation",2881549949.93,2024-07-17
4,06073,2019,23,Construction,10126967751.77,2024-07-17
5,06073,2019,61,Educational Services,2421265240.75,2024-07-17
6,06073,2019,52,Finance and Insurance,14674333780.41,2024-07-17
7,06073,2019,98,"GFE, GSLE, and OOD",21526020537.97,2024-07-17
8,06073,2019,90,Government,45186138076.33,2024-07-17
9,06073,2019,62,Health Care and Social Assistance,15383067229.84,2024-07-17
10,06073,2019,51,Information,10484099169.88,2024-07-17
11,06073,2019,55,Management of Companies and Enterprises,3530818184.94,2024-07-17
12,06073,2019,31,Manufacturing,28263259240.77,2024-07-17
13,06073,2019,21,"Mining, Quarrying, and Oil and Gas Extraction",144989119.92,2024-07-17
14,06073,2019,81,Other Services (except Public Administration),4840079133.49,2024-07-17
15,06073,2019,54,"Professional, Scientific, and Technical Services",28127218558.6,2024-07-17
16,06073,2019,53,Real Estate and Rental and Leasing,9223936751.71,2024-07-17
17,06073,2019,44,Retail Trade,11711293504.97,2024-07-17
18,06073,2019,48,Transportation and Warehousing,3085525371.05,2024-07-17
19,06073,2019,22,Utilities,3001200774.55,2024-07-17
20,06073,2019,42,Wholesale Trade,11763129046.83,2024-07-17
21,06073,2020,72,Accommodation and Food Services,6528439125.12,2024-07-17
22,06073,2020,56,Administrative and Support and Waste Management and Remediation Services,7711982033.37,2024-07-17
23,06073,2020,11,"Agriculture, Forestry, Fishing and Hunting",907172513.43,2024-07-17
24,06073,2020,71,"Arts, Entertainment, and Recreation",1791040539.5,2024-07-17
25,06073,2020,23,Construction,10007918923.76,2024-07-17
26,06073,2020,61,Educational Services,2195851712.92,2024-07-17
27,06073,2020,52,Finance and Insurance,17594064253.31,2024-07-17
28,06073,2020,98,"GFE, GSLE, and OOD",21898081363.26,2024-07-17
29,06073,2020,90,Government,46580257416.16,2024-07-17
30,06073,2020,62,Health Care and Social Assistance,15639592042.31,2024-07-17
31,06073,2020,51,Information,9913771868.38,2024-07-17
32,06073,2020,55,Management of Companies and Enterprises,3868347320.36,2024-07-17
33,06073,2020,31,Manufacturing,28833396810.75,2024-07-17
34,06073,2020,21,"Mining, Quarrying, and Oil and Gas Extraction",102540839.24,2024-07-17
35,06073,2020,81,Other Services (except Public Administration),3988195341.97,2024-07-17
36,06073,2020,54,"Professional, Scientific, and Technical Services",29098839603.95,2024-07-17
37,06073,2020,53,Real Estate and Rental and Leasing,8720387504.51,2024-07-17
38,06073,2020,44,Retail Trade,11825550429.74,2024-07-17
39,06073,2020,48,Transportation and Warehousing,2673570145.55,2024-07-17
40,06073,2020,22,Utilities,3271991571.17,2024-07-17
41,06073,2020,42,Wholesale Trade,11671311905.28,2024-07-17
42,06073,2021,72,Accommodation and Food Services,8800383139.54,2024-07-17
43,06073,2021,56,Administrative and Support and Waste Management and Remediation Services,9592242766.96,2024-07-17
44,06073,2021,11,"Agriculture, Forestry, Fishing and Hunting",1083260950.13,2024-07-17
45,06073,2021,71,"Arts, Entertainment, and Recreation",2415636111.13,2024-07-17
46,06073,2021,23,Construction,10570989843.86,2024-07-17
47,06073,2021,61,Educational Services,2227540683.64,2024-07-17
48,06073,2021,52,Finance and Insurance,19033313820.19,2024-07-17
49,06073,2021,98,"GFE, GSLE, and OOD",22652458258.85,2024-07-17
50,06073,2021,90,Government,49228679685.92,2024-07-17
51,06073,2021,62,Health Care and Social Assistance,16974739364.19,2024-07-17
52,06073,2021,51,Information,10693413957.46,2024-07-17
53,06073,2021,55,Management of Companies and Enterprises,4519109892.35,2024-07-17
54,06073,2021,31,Manufacturing,31276626755.35,2024-07-17
55,06073,2021,21,"Mining, Quarrying, and Oil and Gas Extraction",109938603.95,2024-07-17
56,06073,2021,81,Other Services (except Public Administration),4345458008.16,2024-07-17
57,06073,2021,54,"Professional, Scientific, and Technical Services",32509814018.59,2024-07-17
58,06073,2021,53,Real Estate and Rental and Leasing,9448662456.13,2024-07-17
59,06073,2021,44,Retail Trade,13296254130.36,2024-07-17
60,06073,2021,48,Transportation and Warehousing,3189489135.11,2024-07-17
61,06073,2021,22,Utilities,3664808853.69,2024-07-17
62,06073,2021,42,Wholesale Trade,13240729955.48,2024-07-17
63,06073,2022,72,Accommodation and Food Services,11774881705.2,2024-07-17
64,06073,2022,56,Administrative and Support and Waste Management and Remediation Services,12177722207.08,2024-07-17
65,06073,2022,11,"Agriculture, Forestry, Fishing and Hunting",1358643626.74,2024-07-17
66,06073,2022,71,"Arts, Entertainment, and Recreation",3316520984.07,2024-07-17
67,06073,2022,23,Construction,12074664693.22,2024-07-17
68,06073,2022,61,Educational Services,2433020886.4,2024-07-17
69,06073,2022,52,Finance and Insurance,19850096186.54,2024-07-17
70,06073,2022,98,"GFE, GSLE, and OOD",24166449776.53,2024-07-17
71,06073,2022,90,Government,50556468036.06,2024-07-17
72,06073,2022,62,Health Care and Social Assistance,19448001967.42,2024-07-17
73,06073,2022,51,Information,11811895144.75,2024-07-17
74,06073,2022,55,Management of Companies and Enterprises,4310190038.91,2024-07-17
75,06073,2022,31,Manufacturing,33502353186.82,2024-07-17
76,06073,2022,21,"Mining, Quarrying, and Oil and Gas Extraction",170814515.86,2024-07-17
77,06073,2022,81,Other Services (except Public Administration),5183315105.83,2024-07-17
78,06073,2022,54,"Professional, Scientific, and Technical Services",35740742439.89,2024-07-17
79,06073,2022,53,Real Estate and Rental and Leasing,10933248572.63,2024-07-17
80,06073,2022,44,Retail Trade,14734775107.96,2024-07-17
81,06073,2022,48,Transportation and Warehousing,3875316755.2,2024-07-17
82,06073,2022,22,Utilities,4345480589.5,2024-07-17
83,06073,2022,42,Wholesale Trade,14919293365.38,2024-07-17
84,06073,2023,72,Accommodation and Food Services,11833760897.28,2024-07-17
85,06073,2023,56,Administrative and Support and Waste Management and Remediation Services,11304936654.41,2024-07-17
86,06073,2023,11,"Agriculture, Forestry, Fishing and Hunting",1576867627.7,2024-07-17
87,06073,2023,71,"Arts, Entertainment, and Recreation",3588235567.59,2024-07-17
88,06073,2023,23,Construction,12667991170.48,2024-07-17
89,06073,2023,61,Educational Services,2441232703.5,2024-07-17
90,06073,2023,52,Finance and Insurance,19499330483.44,2024-07-17
91,06073,2023,98,"GFE, GSLE, and OOD",26514154687.91,2024-07-17
92,06073,2023,90,Government,52922899790.76,2024-07-17
93,06073,2023,62,Health Care and Social Assistance,20213811990.03,2024-07-17
94,06073,2023,51,Information,14898419816.6,2024-07-17
95,06073,2023,55,Management of Companies and Enterprises,4146461224.91,2024-07-17
96,06073,2023,31,Manufacturing,31669563550.34,2024-07-17
97,06073,2023,21,"Mining, Quarrying, and Oil and Gas Extraction",196115838.23,2024-07-17
98,06073,2023,81,Other Services (except Public Administration),5567515763.47,2024-07-17
99,06073,2023,54,"Professional, Scientific, and Technical Services",37043140500.56,2024-07-17
100,06073,2023,53,Real Estate and Rental and Leasing,12330431390.54,2024-07-17
101,06073,2023,44,Retail Trade,16239988479.32,2024-07-17
102,06073,2023,48,Transportation and Warehousing,4755652766.52,2024-07-17
103,06073,2023,22,Utilities,4333967139.1,2024-07-17
104,06073,2023,42,Wholesale Trade,14966365048.17,2024-07-17
105,06,2019,72,Accommodation and Food Services,90829991195.6,2024-07-17
106,06,2019,56,Administrative and Support and Waste Management and Remediation Services,93532223334.68,2024-07-17
107,06,2019,11,"Agriculture, Forestry, Fishing and Hunting",30075646706.17,2024-07-17
108,06,2019,71,"Arts, Entertainment, and Recreation",48662319369.26,2024-07-17
109,06,2019,23,Construction,115223947879.82,2024-07-17
110,06,2019,61,Educational Services,33399836022.47,2024-07-17
111,06,2019,52,Finance and Insurance,195117949731.75,2024-07-17
112,06,2019,98,"GFE, GSLE, and OOD",266959580068.94,2024-07-17
113,06,2019,90,Government,331842022480.93,2024-07-17
114,06,2019,62,Health Care and Social Assistance,206214884847.99,2024-07-17
115,06,2019,51,Information,312304490511.84,2024-07-17
116,06,2019,55,Management of Companies and Enterprises,45655429266.27,2024-07-17
117,06,2019,31,Manufacturing,320923564246.75,2024-07-17
118,06,2019,21,"Mining, Quarrying, and Oil and Gas Extraction",10595673262.57,2024-07-17
119,06,2019,81,Other Services (except Public Administration),58438265343.71,2024-07-17
120,06,2019,54,"Professional, Scientific, and Technical Services",286914130813.18,2024-07-17
121,06,2019,53,Real Estate and Rental and Leasing,116631625689.53,2024-07-17
122,06,2019,44,Retail Trade,143411614854.2,2024-07-17
123,06,2019,48,Transportation and Warehousing,86631537825.24,2024-07-17
124,06,2019,22,Utilities,38531320807.56,2024-07-17
125,06,2019,42,Wholesale Trade,157026581654.17,2024-07-17
126,06,2020,72,Accommodation and Food Services,71783056635.79,2024-07-17
127,06,2020,56,Administrative and Support and Waste Management and Remediation Services,90125153008.95,2024-07-17
128,06,2020,11,"Agriculture, Forestry, Fishing and Hunting",27876738784.62,2024-07-17
129,06,2020,71,"Arts, Entertainment, and Recreation",31702655882.2,2024-07-17
130,06,2020,23,Construction,112384169598.33,2024-07-17
131,06,2020,61,Educational Services,30630229333.06,2024-07-17
132,06,2020,52,Finance and Insurance,218739988352.13,2024-07-17
133,06,2020,98,"GFE, GSLE, and OOD",272164367123.38,2024-07-17
134,06,2020,90,Government,343208225694.4,2024-07-17
135,06,2020,62,Health Care and Social Assistance,211602673365.79,2024-07-17
136,06,2020,51,Information,324053625182.93,2024-07-17
137,06,2020,55,Management of Companies and Enterprises,48256922560.77,2024-07-17
138,06,2020,31,Manufacturing,310813343416.13,2024-07-17
139,06,2020,21,"Mining, Quarrying, and Oil and Gas Extraction",6465437275.82,2024-07-17
140,06,2020,81,Other Services (except Public Administration),49811109951.17,2024-07-17
141,06,2020,54,"Professional, Scientific, and Technical Services",293800684934.18,2024-07-17
142,06,2020,53,Real Estate and Rental and Leasing,107719309304.74,2024-07-17
143,06,2020,44,Retail Trade,144298814202.9,2024-07-17
144,06,2020,48,Transportation and Warehousing,73379534152.03,2024-07-17
145,06,2020,22,Utilities,40292553903.76,2024-07-17
146,06,2020,42,Wholesale Trade,152112379743.13,2024-07-17
147,06,2021,72,Accommodation and Food Services,95733957467.47,2024-07-17
148,06,2021,56,Administrative and Support and Waste Management and Remediation Services,104602471326.95,2024-07-17
149,06,2021,11,"Agriculture, Forestry, Fishing and Hunting",32686957090.9,2024-07-17
150,06,2021,71,"Arts, Entertainment, and Recreation",43664619159.66,2024-07-17
151,06,2021,23,Construction,119812072630.23,2024-07-17
152,06,2021,61,Educational Services,32816995419.14,2024-07-17
153,06,2021,52,Finance and Insurance,250042734817.55,2024-07-17
154,06,2021,98,"GFE, GSLE, and OOD",284083318185.48,2024-07-17
155,06,2021,90,Government,355832491728.16,2024-07-17
156,06,2021,62,Health Care and Social Assistance,227309469023.11,2024-07-17
157,06,2021,51,Information,378262517450.65,2024-07-17
158,06,2021,55,Management of Companies and Enterprises,53543808582.82,2024-07-17
159,06,2021,31,Manufacturing,350322267491.94,2024-07-17
160,06,2021,21,"Mining, Quarrying, and Oil and Gas Extraction",10623259669.82,2024-07-17
161,06,2021,81,Other Services (except Public Administration),54181933646.69,2024-07-17
162,06,2021,54,"Professional, Scientific, and Technical Services",328096745865.0,2024-07-17
163,06,2021,53,Real Estate and Rental and Leasing,115267543629.2,2024-07-17
164,06,2021,44,Retail Trade,166928688692.51,2024-07-17
165,06,2021,48,Transportation and Warehousing,90510310574.9,2024-07-17
166,06,2021,22,Utilities,45087757545.91,2024-07-17
167,06,2021,42,Wholesale Trade,171561359557.34,2024-07-17
168,06,2022,72,Accommodation and Food Services,114002044145.21,2024-07-17
169,06,2022,56,Administrative and Support and Waste Management and Remediation Services,120802727073.53,2024-07-17
170,06,2022,11,"Agriculture, Forestry, Fishing and Hunting",38715965885.17,2024-07-17
171,06,2022,71,"Arts, Entertainment, and Recreation",55698103660.47,2024-07-17
172,06,2022,23,Construction,134339486343.23,2024-07-17
173,06,2022,61,Educational Services,35479907334.11,2024-07-17
174,06,2022,52,Finance and Insurance,249615526485.45,2024-07-17
175,06,2022,98,"GFE, GSLE, and OOD",298012958675.63,2024-07-17
176,06,2022,90,Government,368312198410.99,2024-07-17
177,06,2022,62,Health Care and Social Assistance,249613907434.1,2024-07-17
178,06,2022,51,Information,359316487125.58,2024-07-17
179,06,2022,55,Management of Companies and Enterprises,52144215681.5,2024-07-17
180,06,2022,31,Manufacturing,384714299783.84,2024-07-17
181,06,2022,21,"Mining, Quarrying, and Oil and Gas Extraction",12494431213.91,2024-07-17
182,06,2022,81,Other Services (except Public Administration),63680940354.99,2024-07-17
183,06,2022,54,"Professional, Scientific, and Technical Services",347384600742.83,2024-07-17
184,06,2022,53,Real Estate and Rental and Leasing,132336409340.43,2024-07-17
185,06,2022,44,Retail Trade,180384554468.18,2024-07-17
186,06,2022,48,Transportation and Warehousing,99091965133.75,2024-07-17
187,06,2022,22,Utilities,49752133044.58,2024-07-17
188,06,2022,42,Wholesale Trade,191580113060.57,2024-07-17
189,06,2023,72,Accommodation and Food Services,111648001134.69,2024-07-17
190,06,2023,56,Administrative and Support and Waste Management and Remediation Services,113976419366.66,2024-07-17
191,06,2023,11,"Agriculture, Forestry, Fishing and Hunting",43439367143.39,2024-07-17
192,06,2023,71,"Arts, Entertainment, and Recreation",55296921075.99,2024-07-17
193,06,2023,23,Construction,139037665572.59,2024-07-17
194,06,2023,61,Educational Services,37351281511.49,2024-07-17
195,06,2023,52,Finance and Insurance,245034793719.87,2024-07-17
196,06,2023,98,"GFE, GSLE, and OOD",326866132959.42,2024-07-17
197,06,2023,90,Government,390103541461.64,2024-07-17
198,06,2023,62,Health Care and Social Assistance,249347484076.92,2024-07-17
199,06,2023,51,Information,363182384956.62,2024-07-17
200,06,2023,55,Management of Companies and Enterprises,51888181485.05,2024-07-17
201,06,2023,31,Manufacturing,380161470663.68,2024-07-17
202,06,2023,21,"Mining, Quarrying, and Oil and Gas Extraction",16148730097.35,2024-07-17
203,06,2023,81,Other Services (except Public Administration),66770582861.49,2024-07-17
204,06,2023,54,"Professional, Scientific, and Technical Services",347162099434.22,2024-07-17
205,06,2023,53,Real Estate and Rental and Leasing,150383917058.97,2024-07-17
206,06,2023,44,Retail Trade,198037284668.6,2024-07-17
207,06,2023,48,Transportation and Warehousing,119971288326.72,2024-07-17
208,06,2023,22,Utilities,54636261737.98,2024-07-17
209,06,2023,42,Wholesale Trade,189648685069.12,2024-07-17
210,000,2019,11,"Agriculture, Forestry, Fishing and Hunting",168411134520.96,2024-07-17
211,000,2019,21,"Mining, Quarrying, and Oil and Gas Extraction",298041129454.26,2024-07-17
212,000,2019,22,Utilities,328111230808.67,2024-07-17
213,000,2019,23,Construction,900220599424.66,2024-07-17
214,000,2019,31,Manufacturing,2352110405375.62,2024-07-17
215,000,2019,42,Wholesale Trade,1271331725887.31,2024-07-17
216,000,2019,44,Retail Trade,1151495783038.34,2024-07-17
217,000,2019,48,Transportation and Warehousing,681205364780.61,2024-07-17
218,000,2019,51,Information,1124623418695.35,2024-07-17
219,000,2019,52,Finance and Insurance,1826313723735.83,2024-07-17
220,000,2019,53,Real Estate and Rental and Leasing,804614930969.26,2024-07-17
221,000,2019,54,"Professional, Scientific, and Technical Services",1640545939369.13,2024-07-17
222,000,2019,55,Management of Companies and Enterprises,408008101073.5,2024-07-17
223,000,2019,56,Administrative and Support and Waste Management and Remediation Services,664295607420.37,2024-07-17
224,000,2019,61,Educational Services,269810384005.64,2024-07-17
225,000,2019,62,Health Care and Social Assistance,1597453554025.29,2024-07-17
226,000,2019,71,"Arts, Entertainment, and Recreation",233704607651.15,2024-07-17
227,000,2019,72,Accommodation and Food Services,615139906878.27,2024-07-17
228,000,2019,81,Other Services (except Public Administration),423311251395.64,2024-07-17
229,000,2019,90,Government,2355317736364.77,2024-07-17
230,000,2019,98,"GFE, GSLE, and OOD",1818140170816.41,2024-07-17
231,000,2020,11,"Agriculture, Forestry, Fishing and Hunting",167454191585.5,2024-07-17
232,000,2020,21,"Mining, Quarrying, and Oil and Gas Extraction",198527410164.25,2024-07-17
233,000,2020,22,Utilities,332418688847.23,2024-07-17
234,000,2020,23,Construction,885776294696.59,2024-07-17
235,000,2020,31,Manufacturing,2200997896966.97,2024-07-17
236,000,2020,42,Wholesale Trade,1250542434724.06,2024-07-17
237,000,2020,44,Retail Trade,1185425018346.57,2024-07-17
238,000,2020,48,Transportation and Warehousing,581498946059.63,2024-07-17
239,000,2020,51,Information,1157160591509.27,2024-07-17
240,000,2020,52,Finance and Insurance,1996341188501.74,2024-07-17
241,000,2020,53,Real Estate and Rental and Leasing,760246406812.11,2024-07-17
242,000,2020,54,"Professional, Scientific, and Technical Services",1650680170926.47,2024-07-17
243,000,2020,55,Management of Companies and Enterprises,410214169101.74,2024-07-17
244,000,2020,56,Administrative and Support and Waste Management and Remediation Services,637753887621.5,2024-07-17
245,000,2020,61,Educational Services,249555244648.25,2024-07-17
246,000,2020,62,Health Care and Social Assistance,1608745404732.82,2024-07-17
247,000,2020,71,"Arts, Entertainment, and Recreation",154864115230.45,2024-07-17
248,000,2020,72,Accommodation and Food Services,484181323388.93,2024-07-17
249,000,2020,81,Other Services (except Public Administration),386922680567.94,2024-07-17
250,000,2020,90,Government,2429050509059.6,2024-07-17
251,000,2020,98,"GFE, GSLE, and OOD",1877313458591.73,2024-07-17
252,000,2021,11,"Agriculture, Forestry, Fishing and Hunting",214249369882.11,2024-07-17
253,000,2021,21,"Mining, Quarrying, and Oil and Gas Extraction",329010860366.55,2024-07-17
254,000,2021,22,Utilities,372009640048.12,2024-07-17
255,000,2021,23,Construction,941894899772.9,2024-07-17
256,000,2021,31,Manufacturing,2448832899447.56,2024-07-17
257,000,2021,42,Wholesale Trade,1430654347137.46,2024-07-17
258,000,2021,44,Retail Trade,1370300486193.53,2024-07-17
259,000,2021,48,Transportation and Warehousing,683625616886.52,2024-07-17
260,000,2021,51,Information,1300967423578.92,2024-07-17
261,000,2021,52,Finance and Insurance,2154136816256.08,2024-07-17
262,000,2021,53,Real Estate and Rental and Leasing,838675892376.03,2024-07-17
263,000,2021,54,"Professional, Scientific, and Technical Services",1840153353226.75,2024-07-17
264,000,2021,55,Management of Companies and Enterprises,450712017828.48,2024-07-17
265,000,2021,56,Administrative and Support and Waste Management and Remediation Services,739799725859.34,2024-07-17
266,000,2021,61,Educational Services,269096440479.2,2024-07-17
267,000,2021,62,Health Care and Social Assistance,1715847485868.47,2024-07-17
268,000,2021,71,"Arts, Entertainment, and Recreation",211084599322.32,2024-07-17
269,000,2021,72,Accommodation and Food Services,636710245915.88,2024-07-17
270,000,2021,81,Other Services (except Public Administration),424835570450.73,2024-07-17
271,000,2021,90,Government,2514102119153.71,2024-07-17
272,000,2021,98,"GFE, GSLE, and OOD",1976331799266.61,2024-07-17
273,000,2022,11,"Agriculture, Forestry, Fishing and Hunting",237494457139.33,2024-07-17
274,000,2022,21,"Mining, Quarrying, and Oil and Gas Extraction",371108768939.69,2024-07-17
275,000,2022,22,Utilities,386533386842.79,2024-07-17
276,000,2022,23,Construction,1067037991675.69,2024-07-17
277,000,2022,31,Manufacturing,2719597140921.73,2024-07-17
278,000,2022,42,Wholesale Trade,1601100006375.35,2024-07-17
279,000,2022,44,Retail Trade,1443763895003.66,2024-07-17
280,000,2022,48,Transportation and Warehousing,780602458357.52,2024-07-17
281,000,2022,51,Information,1340456726463.66,2024-07-17
282,000,2022,52,Finance and Insurance,2302443101636.3,2024-07-17
283,000,2022,53,Real Estate and Rental and Leasing,983447367920.54,2024-07-17
284,000,2022,54,"Professional, Scientific, and Technical Services",2032384164941.84,2024-07-17
285,000,2022,55,Management of Companies and Enterprises,489821474362.48,2024-07-17
286,000,2022,56,Administrative and Support and Waste Management and Remediation Services,842923885837.14,2024-07-17
287,000,2022,61,Educational Services,288181156406.07,2024-07-17
288,000,2022,62,Health Care and Social Assistance,1890614542595.74,2024-07-17
289,000,2022,71,"Arts, Entertainment, and Recreation",264177741154.54,2024-07-17
290,000,2022,72,Accommodation and Food Services,785552650244.58,2024-07-17
291,000,2022,81,Other Services (except Public Administration),489976158407.77,2024-07-17
292,000,2022,90,Government,2603684383897.52,2024-07-17
293,000,2022,98,"GFE, GSLE, and OOD",2038671197424.13,2024-07-17
294,000,2023,11,"Agriculture, Forestry, Fishing and Hunting",280761727220.72,2024-07-17
295,000,2023,21,"Mining, Quarrying, and Oil and Gas Extraction",457690485436.18,2024-07-17
296,000,2023,22,Utilities,443541063370.73,2024-07-17
297,000,2023,23,Construction,1130305483929.58,2024-07-17
298,000,2023,31,Manufacturing,2668940212327.97,2024-07-17
299,000,2023,42,Wholesale Trade,1575850474818.29,2024-07-17
300,000,2023,44,Retail Trade,1587660033048.74,2024-07-17
301,000,2023,48,Transportation and Warehousing,946243001401.57,2024-07-17
302,000,2023,51,Information,1394577654375.34,2024-07-17
303,000,2023,52,Finance and Insurance,2288237891674.68,2024-07-17
304,000,2023,53,Real Estate and Rental and Leasing,1103789904982.94,2024-07-17
305,000,2023,54,"Professional, Scientific, and Technical Services",2068105317722.39,2024-07-17
306,000,2023,55,Management of Companies and Enterprises,502586807611.22,2024-07-17
307,000,2023,56,Administrative and Support and Waste Management and Remediation Services,813149584622.8,2024-07-17
308,000,2023,61,Educational Services,303274973166.25,2024-07-17
309,000,2023,62,Health Care and Social Assistance,1937290926118.11,2024-07-17
310,000,2023,71,"Arts, Entertainment, and Recreation",274140680001.38,2024-07-17
311,000,2023,72,Accommodation and Food Services,773692952877.98,2024-07-17
312,000,2023,81,Other Services (except Public Administration),513361271949.35,2024-07-17
313,000,2023,90,Government,2715507208162.97,2024-07-17
314,000,2023,98,"GFE, GSLE, and OOD",2179914844149.6,2024-07-17
